{
  "preset_info": {
    "version": 10,
    "title": "KLWP SmartThings",
    "description": "1 screen setup for SmartThings, use global bitmap to change wallpaper",
    "author": "Nicholas Wilde",
    "email": "ncwilde43@gmail.com",
    "width": 720,
    "height": 1280,
    "features": "WEATHER",
    "release": 319623614,
    "locked": false
  },
  "preset_root": {
    "internal_type": "RootLayerModule",
    "background_type": "IMAGE",
    "globals_list": {
      "image": {
        "index": 1,
        "type": "BITMAP",
        "title": "image",
        "value": "kfile://org.kustom.provider/bitmaps/IMGde3aeba6052747afaa2ec2dbe592aefc"
      },
      "color1": {
        "index": 3,
        "type": "LIST",
        "title": "Color1",
        "entries": "$bp(muted, gv(image))$##Muted, $bp(lmuted, gv(image))$##Light Muted,$bp(dmuted, gv(image))$##Dark Muted, $bp(vibrant, gv(image))$##Vibrant, $bp(lvibrant, gv(image))$##Light Vibrant,$bp(dvibrant, gv(image))$##Dark Vibrant",
        "value": "$bp(muted, gv(image))$"
      },
      "color2": {
        "index": 4,
        "type": "LIST",
        "title": "Color2",
        "entries": "$bp(muted, gv(image))$##Muted, $bp(lmuted, gv(image))$##Light Muted,$bp(dmuted, gv(image))$##Dark Muted, $bp(vibrant, gv(image))$##Vibrant, $bp(lvibrant, gv(image))$##Light Vibrant,$bp(dvibrant, gv(image))$##Dark Vibrant",
        "value": "$bp(dmuted, gv(image))$"
      },
      "color3": {
        "index": 5,
        "type": "LIST",
        "title": "Color3",
        "entries": "$bp(muted, gv(image))$##Muted, $bp(lmuted, gv(image))$##Light Muted,$bp(dmuted, gv(image))$##Dark Muted, $bp(vibrant, gv(image))$##Vibrant, $bp(lvibrant, gv(image))$##Light Vibrant,$bp(dvibrant, gv(image))$##Dark Vibrant",
        "value": "$bp(lmuted, gv(image))$"
      },
      "main": {
        "index": 2,
        "type": "FONT",
        "title": "Main",
        "value": "kfile://org.kustom.provider/fonts/ProductSans-Regular.ttf"
      },
      "color4": {
        "index": 6,
        "type": "COLOR",
        "title": "Color4",
        "value": "#FFFFFFFF"
      },
      "color5": {
        "index": 7,
        "type": "COLOR",
        "title": "Color5",
        "value": "#FF9F9F9F"
      },
      "a": {
        "index": 16,
        "type": "TEXT",
        "title": "a",
        "value": ""
      },
      "titlelmt": {
        "index": 14,
        "type": "LIST",
        "title": "TitleLMT",
        "entries": "200, 180, 160, 140, 120, 100, 80, 60, 40, 20",
        "value": "40"
      },
      "limit": {
        "index": 15,
        "type": "LIST",
        "title": "Limit",
        "entries": "200, 180, 160, 140, 120, 100, 80, 60, 40, 20",
        "value": "120"
      },
      "title": {
        "index": 17,
        "type": "TEXT",
        "title": "Title",
        "value": "1",
        "toggles": 1
      },
      "md1icn": {
        "index": 19,
        "type": "TEXT",
        "title": "Md1Icn",
        "value": "k"
      },
      "md2icn": {
        "index": 20,
        "type": "TEXT",
        "title": "Md2Icn",
        "value": "b"
      },
      "md3icn": {
        "index": 21,
        "type": "TEXT",
        "title": "Md3Icn",
        "value": "w"
      },
      "md4icn": {
        "index": 22,
        "type": "TEXT",
        "title": "Md4Icn",
        "value": "D"
      },
      "md1fnt": {
        "index": 23,
        "type": "FONT",
        "title": "Md1Fnt",
        "value": "kfile://org.kustom.provider/fonts/Material icons 3.ttf"
      },
      "md2fnt": {
        "index": 24,
        "type": "FONT",
        "title": "Md2Fnt",
        "value": "kfile://org.kustom.provider/fonts/Material icons 2.ttf"
      },
      "md3fnt": {
        "index": 25,
        "type": "FONT",
        "title": "Md3Fnt",
        "value": "kfile://org.kustom.provider/fonts/Material icons 1.ttf"
      },
      "md4fnt": {
        "index": 26,
        "type": "FONT",
        "title": "Md4Fnt",
        "value": "kfile://org.kustom.provider/fonts/Material icons 1.ttf"
      },
      "rn1icn": {
        "index": 27,
        "type": "TEXT",
        "title": "Rn1Icn",
        "value": "S"
      },
      "rn2icn": {
        "index": 28,
        "type": "TEXT",
        "title": "Rn2Icn",
        "value": "F"
      },
      "rn3icn": {
        "index": 29,
        "type": "TEXT",
        "title": "Rn3Icn",
        "value": "D"
      },
      "rn4icn": {
        "index": 30,
        "type": "TEXT",
        "title": "Rn4Icn",
        "value": "b"
      },
      "rn1fnt": {
        "index": 31,
        "type": "FONT",
        "title": "Rn1Fnt",
        "value": "kfile://org.kustom.provider/fonts/Material icons 1.ttf"
      },
      "rn2fnt": {
        "index": 32,
        "type": "FONT",
        "title": "Rn2Fnt",
        "value": "kfile://org.kustom.provider/fonts/Material icons 1.ttf"
      },
      "rn3fnt": {
        "index": 33,
        "type": "FONT",
        "title": "Rn3Fnt",
        "value": "kfile://org.kustom.provider/fonts/Material icons 1.ttf"
      },
      "rn4fnt": {
        "index": 34,
        "type": "FONT",
        "title": "Rn4Fnt",
        "value": "kfile://org.kustom.provider/fonts/Material icons 2.ttf"
      },
      "rn1txt": {
        "index": 35,
        "type": "TEXT",
        "title": "Rn1Txt",
        "value": "Good Morning!"
      },
      "rn2txt": {
        "index": 36,
        "type": "TEXT",
        "title": "Rn2Txt",
        "value": "Good Evening!"
      },
      "rn3txt": {
        "index": 37,
        "type": "TEXT",
        "title": "Rn3Txt",
        "value": "Good Night!"
      },
      "rn4txt": {
        "index": 38,
        "type": "TEXT",
        "title": "Rn4Txt",
        "value": "Goodbye!"
      },
      "lticnon": {
        "index": 51,
        "type": "TEXT",
        "title": "LtIcnOn",
        "value": "S"
      },
      "lticnoff": {
        "index": 52,
        "type": "TEXT",
        "title": "LtIcnOff",
        "value": "D"
      },
      "ltfnton": {
        "index": 53,
        "type": "FONT",
        "title": "LtFntOn",
        "value": "kfile://org.kustom.provider/fonts/Material icons 1.ttf"
      },
      "ltfntoff": {
        "index": 54,
        "type": "FONT",
        "title": "LtFntOff",
        "value": "kfile://org.kustom.provider/fonts/Material icons 1.ttf"
      },
      "tg1typ": {
        "index": 62,
        "type": "LIST",
        "title": "Tg1Typ",
        "entries": "Light, Contact",
        "value": "Light"
      },
      "tg2typ": {
        "index": 61,
        "type": "LIST",
        "title": "Tg2Typ",
        "entries": "Light, Contact",
        "value": "Light"
      },
      "tg3typ": {
        "index": 60,
        "type": "LIST",
        "title": "Tg3Typ",
        "entries": "Light, Contact",
        "value": "Light"
      },
      "tg4typ": {
        "index": 59,
        "type": "LIST",
        "title": "Tg4Typ",
        "entries": "Light, Contact",
        "value": "Light"
      },
      "ctfntopn": {
        "index": 63,
        "type": "FONT",
        "title": "CtFntOpn",
        "value": "kfile://org.kustom.provider/fonts/Material icons 5.ttf"
      },
      "ctfntcls": {
        "index": 64,
        "type": "FONT",
        "title": "CtFntCls",
        "value": "kfile://org.kustom.provider/fonts/Material icons 5.ttf"
      },
      "cticnopn": {
        "index": 65,
        "type": "TEXT",
        "title": "CtIcnOpn",
        "value": "M"
      },
      "cticncls": {
        "index": 66,
        "type": "TEXT",
        "title": "CtIcnCls",
        "value": "N"
      }
    },
    "internal_toggles": {
      "background_bitmap": 100
    },
    "internal_formulas": {
      "background_bitmap": "$gv(image)$"
    },
    "internal_globals": {
      "background_bitmap": "image"
    },
    "viewgroup_items": [
      {
        "internal_type": "ShapeModule",
        "internal_title": "Image",
        "internal_toggles": {
          "fx_gradient_bitmap": 100
        },
        "internal_globals": {
          "fx_gradient_bitmap": "image"
        },
        "position_offset_y": 50.0,
        "shape_type": "RECT",
        "shape_width": 720.0,
        "shape_height": 930.0,
        "fx_gradient": "BITMAP",
        "internal_animations": [
          {
            "type": "UNLOCK",
            "action": "FADE"
          }
        ]
      },
      {
        "internal_type": "OverlapLayerModule",
        "position_anchor": "TOPLEFT",
        "internal_title": "Top Group",
        "internal_animations": [
          {
            "type": "UNLOCK",
            "angle": 180,
            "duration": 5.0
          }
        ],
        "viewgroup_items": [
          {
            "internal_type": "ShapeModule",
            "internal_toggles": {
              "shape_height": 0,
              "paint_color": 10
            },
            "internal_formulas": {
              "shape_height": "1280",
              "paint_color": "$gv(color1)$"
            },
            "shape_type": "RECT",
            "shape_width": 720,
            "fx_shadow": "OUTER",
            "fx_shadow_color": "#93000000",
            "fx_shadow_direction": 270.0,
            "fx_shadow_distance": 6.0,
            "fx_shadow_blur": 50.0,
            "position_padding_bottom": 30.0,
            "shape_height": 50.0,
            "internal_title": "Status bar",
            "position_anchor": "TOP"
          }
        ]
      },
      {
        "internal_type": "OverlapLayerModule",
        "position_anchor": "BOTTOM",
        "internal_title": "Bottom BG",
        "position_offset_y": 10.0,
        "internal_animations": [
          {
            "type": "UNLOCK",
            "speed": 50,
            "angle": 90,
            "duration": 5.0
          }
        ],
        "viewgroup_items": [
          {
            "internal_type": "ShapeModule",
            "internal_toggles": {
              "shape_height": 0,
              "paint_color": 10
            },
            "internal_formulas": {
              "shape_height": "1280",
              "paint_color": "$gv(color2)$"
            },
            "shape_type": "RECT",
            "shape_width": 720,
            "fx_shadow": "OUTER",
            "fx_shadow_color": "#93000000",
            "fx_shadow_direction": 90.0,
            "fx_shadow_distance": 5.0,
            "fx_shadow_blur": 50.0,
            "shape_height": 300.0,
            "position_padding_top": 30.0,
            "internal_title": "BG"
          },
          {
            "internal_type": "ShapeModule",
            "shape_type": "RECT",
            "shape_width": 490.0,
            "shape_height": 70.0,
            "internal_toggles": {
              "paint_color": 10
            },
            "internal_formulas": {
              "paint_color": "$ce(gv(color1), alpha, 30)$"
            },
            "position_padding_top": 85.0,
            "position_anchor": "CENTERLEFT",
            "internal_title": "Bottom Rect"
          }
        ]
      },
      {
        "internal_type": "StackLayerModule",
        "position_anchor": "BOTTOMLEFT",
        "position_offset_x": 20.0,
        "position_offset_y": 185.0,
        "internal_title": "Clock/Day",
        "internal_animations": [
          {
            "type": "FORMULA",
            "duration": 8.0,
            "formula": "$if(gv(a)\u003d1|gv(a)\u003d2|gv(a)\u003d3,1,0)$"
          },
          {
            "type": "FORMULA",
            "action": "FADE",
            "duration": 5.0,
            "formula": "$if(gv(a)\u003d1|gv(a)\u003d2|gv(a)\u003d3,1,0)$"
          },
          {
            "type": "UNLOCK",
            "action": "FADE"
          }
        ],
        "viewgroup_items": [
          {
            "internal_type": "StackLayerModule",
            "internal_title": "Time Group",
            "config_stacking": "HORIZONTAL_CENTER",
            "viewgroup_items": [
              {
                "internal_type": "TextModule",
                "internal_toggles": {
                  "text_family": 100,
                  "paint_color": 100
                },
                "internal_globals": {
                  "text_family": "main",
                  "paint_color": "color4"
                },
                "position_offset_x": 20.0,
                "position_offset_y": 170.0,
                "text_expression": "$df(hh.mm)$",
                "text_size": 40.0,
                "internal_title": "Clock"
              },
              {
                "internal_type": "StackLayerModule",
                "position_padding_left": 10.0,
                "internal_title": "alarm info",
                "viewgroup_items": [
                  {
                    "internal_type": "StackLayerModule",
                    "config_stacking": "HORIZONTAL_CENTER",
                    "internal_title": "Day",
                    "viewgroup_items": [
                      {
                        "internal_type": "TextModule",
                        "internal_toggles": {
                          "text_family": 100,
                          "paint_color": 100
                        },
                        "internal_globals": {
                          "text_family": "main",
                          "paint_color": "color5"
                        },
                        "text_expression": "$tc(low, df(\"EEE\", si(alarmd)))$",
                        "text_size": 15.0
                      },
                      {
                        "internal_type": "TextModule",
                        "position_padding_left": 5.0,
                        "text_expression": "$if(si(alarmon)\u003d1, w, \"\")$",
                        "text_size": 15.0,
                        "text_family": "kfile://org.kustom.provider/fonts/Material icons 1.ttf",
                        "internal_toggles": {
                          "paint_color": 100
                        },
                        "internal_globals": {
                          "paint_color": "color4"
                        }
                      }
                    ]
                  },
                  {
                    "internal_type": "TextModule",
                    "internal_toggles": {
                      "text_family": 100,
                      "paint_color": 100
                    },
                    "internal_globals": {
                      "text_family": "main",
                      "paint_color": "color5"
                    },
                    "text_expression": "$if(si(alarmon)\u003d1, df(\"hh:mm\", si(alarmd)), \"alarm not set\")$",
                    "text_size": 15.0,
                    "internal_title": "Time"
                  }
                ]
              }
            ]
          },
          {
            "internal_type": "OverlapLayerModule",
            "internal_title": "Day Group",
            "viewgroup_items": [
              {
                "internal_type": "ShapeModule",
                "internal_title": "BG",
                "internal_toggles": {
                  "paint_color": 100
                },
                "internal_globals": {
                  "paint_color": "color4"
                },
                "shape_type": "RECT",
                "shape_width": 200.0,
                "shape_height": 15.0
              },
              {
                "internal_type": "TextModule",
                "internal_title": "Day",
                "internal_toggles": {
                  "text_family": 100
                },
                "internal_globals": {
                  "text_family": "main"
                },
                "position_padding_right": 10.0,
                "position_anchor": "CENTERRIGHT",
                "text_expression": "$df(EEEE)$",
                "text_size": 15.0,
                "paint_mode": "CLEAR",
                "position_padding_top": 1.0
              }
            ]
          }
        ]
      },
      {
        "internal_type": "StackLayerModule",
        "internal_title": "Modes",
        "position_anchor": "CENTERLEFT",
        "position_offset_x": 20.0,
        "position_offset_y": 405.0,
        "internal_animations": [
          {
            "type": "FORMULA",
            "ease": "INVERTED",
            "duration": 8.0,
            "formula": "$if(gv(a)\u003d1,1,0)$"
          },
          {
            "type": "FORMULA",
            "action": "FADE_INVERTED",
            "duration": 5.0,
            "formula": "$if(gv(a)\u003d1,1,0)$"
          },
          {
            "type": "UNLOCK",
            "action": "FADE"
          }
        ],
        "config_stacking": "HORIZONTAL_TOP",
        "config_margin": 0.0,
        "viewgroup_items": [
          {
            "internal_type": "StackLayerModule",
            "internal_title": "Mode1 Group",
            "position_padding_left": 0.0,
            "position_padding_right": 0.0,
            "config_stacking": "VERTICAL_CENTER",
            "internal_events": [
              {
                "action": "LAUNCH_SHORTCUT",
                "intent": "intent:-ST- SetMode1#Intent;scheme\u003dtask;action\u003dnet.dinglisch.android.tasker.WIDICKYUM;component\u003dnet.dinglisch.android.taskerm/.IntentHandler;S.mcro\u003d%3CTask%20sr%3D%22%22%3E%3Cid%3E-7%3C%2Fid%3E%3CImg%20sr%3D%22icn%22ve%3D%222%22%3E%3Cnme%3Ehd_aaa_ext_home%3C%2Fnme%3E%3C%2FImg%3E%3Cnme%3E-ST-%20SetMode1%3C%2Fnme%3E%3Crty%3E2%3C%2Frty%3E%3CAction%20sr%3D%22act0%22ve%3D%227%22%3E%3CStr%20sr%3D%22arg0%22ve%3D%223%22%3E-ST-%20SetMode1%3C%2FStr%3E%3CInt%20sr%3D%22arg1%22val%3D%227%22%2F%3E%3CStr%20sr%3D%22arg2%22ve%3D%223%22%2F%3E%3CStr%20sr%3D%22arg3%22ve%3D%223%22%2F%3E%3CStr%20sr%3D%22arg4%22ve%3D%223%22%2F%3E%3CInt%20sr%3D%22arg5%22val%3D%221%22%2F%3E%3Ccode%3E130%3C%2Fcode%3E%3C%2FAction%3E%3Ccdate%3E1473542021379%3C%2Fcdate%3E%3Cedate%3E1473542021379%3C%2Fedate%3E%3C%2FTask%3E;S.org.kustom.intent.label\u003dTask%20Shortcut;end"
              }
            ],
            "viewgroup_items": [
              {
                "internal_type": "TextModule",
                "internal_title": "Icon",
                "internal_toggles": {
                  "text_family": 100,
                  "text_expression": 100
                },
                "internal_globals": {
                  "text_family": "md1fnt",
                  "text_expression": "md1icn"
                },
                "text_expression": "k",
                "text_size": 60.0,
                "text_family": "kfile://org.kustom.provider/fonts/Material icons 3.ttf",
                "text_align": "CENTER"
              },
              {
                "internal_type": "TextModule",
                "internal_toggles": {
                  "paint_color": 100,
                  "text_family": 100
                },
                "internal_globals": {
                  "paint_color": "color5",
                  "text_family": "main"
                },
                "text_expression": "$br(tasker, mode1)$",
                "text_size_type": "FIXED_WIDTH",
                "text_width": 100.0,
                "text_align": "CENTER"
              }
            ]
          },
          {
            "internal_type": "StackLayerModule",
            "config_stacking": "VERTICAL_CENTER",
            "internal_title": "Mode2 Group",
            "position_padding_left": 0.0,
            "position_padding_right": 0.0,
            "internal_events": [
              {
                "action": "LAUNCH_SHORTCUT",
                "intent": "intent:-ST- SetMode2#Intent;scheme\u003dtask;action\u003dnet.dinglisch.android.tasker.WIDICKYUM;component\u003dnet.dinglisch.android.taskerm/.IntentHandler;S.mcro\u003d%3CTask%20sr%3D%22%22%3E%3Cid%3E-8%3C%2Fid%3E%3CImg%20sr%3D%22icn%22ve%3D%222%22%3E%3Cnme%3Ehd_aaa_ext_home%3C%2Fnme%3E%3C%2FImg%3E%3Cnme%3E-ST-%20SetMode2%3C%2Fnme%3E%3Crty%3E2%3C%2Frty%3E%3CAction%20sr%3D%22act0%22ve%3D%227%22%3E%3CStr%20sr%3D%22arg0%22ve%3D%223%22%3E-ST-%20SetMode2%3C%2FStr%3E%3CInt%20sr%3D%22arg1%22val%3D%227%22%2F%3E%3CStr%20sr%3D%22arg2%22ve%3D%223%22%2F%3E%3CStr%20sr%3D%22arg3%22ve%3D%223%22%2F%3E%3CStr%20sr%3D%22arg4%22ve%3D%223%22%2F%3E%3CInt%20sr%3D%22arg5%22val%3D%221%22%2F%3E%3Ccode%3E130%3C%2Fcode%3E%3C%2FAction%3E%3Ccdate%3E1473542062743%3C%2Fcdate%3E%3Cedate%3E1473542062743%3C%2Fedate%3E%3C%2FTask%3E;S.org.kustom.intent.label\u003dTask%20Shortcut;end"
              }
            ],
            "viewgroup_items": [
              {
                "internal_type": "TextModule",
                "text_expression": "b",
                "text_size": 60.0,
                "text_family": "kfile://org.kustom.provider/fonts/Material icons 2.ttf",
                "internal_title": "Icon",
                "internal_toggles": {
                  "text_family": 100,
                  "text_expression": 100
                },
                "internal_globals": {
                  "text_family": "md2fnt",
                  "text_expression": "md2icn"
                },
                "text_align": "CENTER"
              },
              {
                "internal_type": "TextModule",
                "text_expression": "$br(tasker, mode2)$",
                "internal_toggles": {
                  "paint_color": 100,
                  "text_family": 100
                },
                "internal_globals": {
                  "paint_color": "color5",
                  "text_family": "main"
                },
                "text_size_type": "FIXED_WIDTH",
                "text_width": 100.0,
                "text_lines": 2.0,
                "text_align": "CENTER"
              }
            ]
          },
          {
            "internal_type": "StackLayerModule",
            "config_stacking": "VERTICAL_CENTER",
            "internal_title": "Mode3 Group",
            "position_padding_left": 0.0,
            "position_padding_right": 0.0,
            "internal_events": [
              {
                "action": "LAUNCH_SHORTCUT",
                "intent": "intent:-ST- SetMode3#Intent;scheme\u003dtask;action\u003dnet.dinglisch.android.tasker.WIDICKYUM;component\u003dnet.dinglisch.android.taskerm/.IntentHandler;S.mcro\u003d%3CTask%20sr%3D%22%22%3E%3Cid%3E-9%3C%2Fid%3E%3CImg%20sr%3D%22icn%22ve%3D%222%22%3E%3Cnme%3Ehd_aaa_ext_home%3C%2Fnme%3E%3C%2FImg%3E%3Cnme%3E-ST-%20SetMode3%3C%2Fnme%3E%3Crty%3E2%3C%2Frty%3E%3CAction%20sr%3D%22act0%22ve%3D%227%22%3E%3CStr%20sr%3D%22arg0%22ve%3D%223%22%3E-ST-%20SetMode3%3C%2FStr%3E%3CInt%20sr%3D%22arg1%22val%3D%227%22%2F%3E%3CStr%20sr%3D%22arg2%22ve%3D%223%22%2F%3E%3CStr%20sr%3D%22arg3%22ve%3D%223%22%2F%3E%3CStr%20sr%3D%22arg4%22ve%3D%223%22%2F%3E%3CInt%20sr%3D%22arg5%22val%3D%221%22%2F%3E%3Ccode%3E130%3C%2Fcode%3E%3C%2FAction%3E%3Ccdate%3E1473542108648%3C%2Fcdate%3E%3Cedate%3E1473542108648%3C%2Fedate%3E%3C%2FTask%3E;S.org.kustom.intent.label\u003dTask%20Shortcut;end"
              }
            ],
            "viewgroup_items": [
              {
                "internal_type": "TextModule",
                "text_expression": "$gv(md3icn)$",
                "text_size": 60.0,
                "text_family": "kfile://org.kustom.provider/fonts/Material icons 1.ttf",
                "internal_title": "Icon",
                "internal_toggles": {
                  "text_family": 100,
                  "text_expression": 100
                },
                "internal_globals": {
                  "text_family": "md3fnt",
                  "text_expression": "md3icn"
                },
                "text_align": "CENTER"
              },
              {
                "internal_type": "TextModule",
                "text_expression": "$br(tasker, mode3)$",
                "internal_toggles": {
                  "paint_color": 100,
                  "text_family": 100
                },
                "internal_globals": {
                  "paint_color": "color5",
                  "text_family": "main"
                },
                "text_size_type": "FIXED_WIDTH",
                "text_width": 100.0,
                "text_lines": 2.0,
                "text_align": "CENTER"
              }
            ]
          },
          {
            "internal_type": "StackLayerModule",
            "config_stacking": "VERTICAL_CENTER",
            "internal_title": "Mode4 Group",
            "position_padding_left": 0.0,
            "position_padding_right": 0.0,
            "internal_events": [
              {
                "action": "LAUNCH_SHORTCUT",
                "intent": "intent:-ST- SetMode4#Intent;scheme\u003dtask;action\u003dnet.dinglisch.android.tasker.WIDICKYUM;component\u003dnet.dinglisch.android.taskerm/.IntentHandler;S.mcro\u003d%3CTask%20sr%3D%22%22%3E%3Cid%3E-10%3C%2Fid%3E%3CImg%20sr%3D%22icn%22ve%3D%222%22%3E%3Cnme%3Ehd_aaa_ext_home%3C%2Fnme%3E%3C%2FImg%3E%3Cnme%3E-ST-%20SetMode4%3C%2Fnme%3E%3Crty%3E2%3C%2Frty%3E%3CAction%20sr%3D%22act0%22ve%3D%227%22%3E%3CStr%20sr%3D%22arg0%22ve%3D%223%22%3E-ST-%20SetMode4%3C%2FStr%3E%3CInt%20sr%3D%22arg1%22val%3D%227%22%2F%3E%3CStr%20sr%3D%22arg2%22ve%3D%223%22%2F%3E%3CStr%20sr%3D%22arg3%22ve%3D%223%22%2F%3E%3CStr%20sr%3D%22arg4%22ve%3D%223%22%2F%3E%3CInt%20sr%3D%22arg5%22val%3D%221%22%2F%3E%3Ccode%3E130%3C%2Fcode%3E%3C%2FAction%3E%3Ccdate%3E1473542139960%3C%2Fcdate%3E%3Cedate%3E1473542139960%3C%2Fedate%3E%3C%2FTask%3E;S.org.kustom.intent.label\u003dTask%20Shortcut;end"
              }
            ],
            "viewgroup_items": [
              {
                "internal_type": "TextModule",
                "text_expression": "$gv(md4icn)$",
                "text_size": 60.0,
                "text_family": "kfile://org.kustom.provider/fonts/Material icons 1.ttf",
                "internal_title": "Icon",
                "internal_toggles": {
                  "text_family": 100,
                  "text_expression": 100
                },
                "internal_globals": {
                  "text_family": "md4fnt",
                  "text_expression": "md4icn"
                },
                "text_align": "CENTER"
              },
              {
                "internal_type": "TextModule",
                "text_expression": "$br(tasker, mode4)$",
                "internal_toggles": {
                  "paint_color": 100,
                  "text_family": 100
                },
                "internal_globals": {
                  "paint_color": "color5",
                  "text_family": "main"
                },
                "text_family": "kfile://org.kustom.provider/fonts/Material icons 1.ttf",
                "text_size_type": "FIXED_WIDTH",
                "text_width": 100.0,
                "text_lines": 2.0,
                "text_align": "CENTER"
              }
            ]
          }
        ]
      },
      {
        "internal_type": "StackLayerModule",
        "internal_title": "Routines",
        "position_anchor": "CENTERLEFT",
        "position_offset_x": 20.0,
        "position_offset_y": 405.0,
        "internal_animations": [
          {
            "type": "FORMULA",
            "ease": "INVERTED",
            "duration": 8.0,
            "formula": "$if(gv(a)\u003d2,1,0)$"
          },
          {
            "type": "FORMULA",
            "action": "FADE_INVERTED",
            "duration": 5.0,
            "formula": "$if(gv(a)\u003d2,1,0)$"
          },
          {
            "type": "UNLOCK",
            "action": "FADE"
          }
        ],
        "config_stacking": "HORIZONTAL_TOP",
        "viewgroup_items": [
          {
            "internal_type": "StackLayerModule",
            "internal_title": "Routine1 Group",
            "position_padding_left": 0.0,
            "position_padding_right": 0.0,
            "config_stacking": "VERTICAL_CENTER",
            "internal_events": [
              {
                "action": "LAUNCH_SHORTCUT",
                "intent": "intent:-ST- RunRoutine1#Intent;scheme\u003dtask;action\u003dnet.dinglisch.android.tasker.WIDICKYUM;component\u003dnet.dinglisch.android.taskerm/.IntentHandler;S.mcro\u003d%3CTask%20sr%3D%22%22%3E%3Cid%3E-11%3C%2Fid%3E%3CImg%20sr%3D%22icn%22ve%3D%222%22%3E%3Cnme%3Ehd_aaa_ext_home%3C%2Fnme%3E%3C%2FImg%3E%3Cnme%3E-ST-%20RunRoutine1%3C%2Fnme%3E%3Crty%3E2%3C%2Frty%3E%3CAction%20sr%3D%22act0%22ve%3D%227%22%3E%3CStr%20sr%3D%22arg0%22ve%3D%223%22%3E-ST-%20RunRoutine1%3C%2FStr%3E%3CInt%20sr%3D%22arg1%22val%3D%227%22%2F%3E%3CStr%20sr%3D%22arg2%22ve%3D%223%22%2F%3E%3CStr%20sr%3D%22arg3%22ve%3D%223%22%2F%3E%3CStr%20sr%3D%22arg4%22ve%3D%223%22%2F%3E%3CInt%20sr%3D%22arg5%22val%3D%221%22%2F%3E%3Ccode%3E130%3C%2Fcode%3E%3C%2FAction%3E%3Ccdate%3E1473543378171%3C%2Fcdate%3E%3Cedate%3E1473543378171%3C%2Fedate%3E%3C%2FTask%3E;S.org.kustom.intent.label\u003dTask%20Shortcut;end"
              }
            ],
            "viewgroup_items": [
              {
                "internal_type": "TextModule",
                "internal_title": "Icon",
                "internal_toggles": {
                  "text_family": 100,
                  "text_expression": 100
                },
                "internal_globals": {
                  "text_family": "rn1fnt",
                  "text_expression": "rn1icn"
                },
                "text_expression": "k",
                "text_size": 60.0,
                "text_family": "kfile://org.kustom.provider/fonts/Material icons 3.ttf",
                "text_align": "CENTER"
              },
              {
                "internal_type": "TextModule",
                "internal_toggles": {
                  "paint_color": 100,
                  "text_family": 100,
                  "text_expression": 100
                },
                "internal_globals": {
                  "paint_color": "color5",
                  "text_family": "main",
                  "text_expression": "rn1txt"
                },
                "text_expression": "$br(tasker, mode1)$",
                "text_size_type": "FIXED_WIDTH",
                "text_width": 100.0,
                "text_lines": 2.0,
                "text_align": "CENTER"
              }
            ]
          },
          {
            "internal_type": "StackLayerModule",
            "config_stacking": "VERTICAL_CENTER",
            "internal_title": "Routine2 Group",
            "position_padding_left": 0.0,
            "position_padding_right": 0.0,
            "internal_events": [
              {
                "action": "LAUNCH_SHORTCUT",
                "intent": "intent:-ST- RunRoutine2#Intent;scheme\u003dtask;action\u003dnet.dinglisch.android.tasker.WIDICKYUM;component\u003dnet.dinglisch.android.taskerm/.IntentHandler;S.mcro\u003d%3CTask%20sr%3D%22%22%3E%3Cid%3E-12%3C%2Fid%3E%3CImg%20sr%3D%22icn%22ve%3D%222%22%3E%3Cnme%3Ehd_aaa_ext_home%3C%2Fnme%3E%3C%2FImg%3E%3Cnme%3E-ST-%20RunRoutine2%3C%2Fnme%3E%3Crty%3E2%3C%2Frty%3E%3CAction%20sr%3D%22act0%22ve%3D%227%22%3E%3CStr%20sr%3D%22arg0%22ve%3D%223%22%3E-ST-%20RunRoutine2%3C%2FStr%3E%3CInt%20sr%3D%22arg1%22val%3D%227%22%2F%3E%3CStr%20sr%3D%22arg2%22ve%3D%223%22%2F%3E%3CStr%20sr%3D%22arg3%22ve%3D%223%22%2F%3E%3CStr%20sr%3D%22arg4%22ve%3D%223%22%2F%3E%3CInt%20sr%3D%22arg5%22val%3D%221%22%2F%3E%3Ccode%3E130%3C%2Fcode%3E%3C%2FAction%3E%3Ccdate%3E1473543404176%3C%2Fcdate%3E%3Cedate%3E1473543404176%3C%2Fedate%3E%3C%2FTask%3E;S.org.kustom.intent.label\u003dTask%20Shortcut;end"
              }
            ],
            "viewgroup_items": [
              {
                "internal_type": "TextModule",
                "text_expression": "b",
                "text_size": 60.0,
                "text_family": "kfile://org.kustom.provider/fonts/Material icons 2.ttf",
                "internal_title": "Icon",
                "internal_toggles": {
                  "text_family": 100,
                  "text_expression": 100
                },
                "internal_globals": {
                  "text_family": "rn2fnt",
                  "text_expression": "rn2icn"
                },
                "text_align": "CENTER"
              },
              {
                "internal_type": "TextModule",
                "text_expression": "$br(tasker, mode2)$",
                "internal_toggles": {
                  "paint_color": 100,
                  "text_family": 100,
                  "text_expression": 100
                },
                "internal_globals": {
                  "paint_color": "color5",
                  "text_family": "main",
                  "text_expression": "rn2txt"
                },
                "text_size_type": "FIXED_WIDTH",
                "text_width": 100.0,
                "text_lines": 2.0,
                "text_align": "CENTER"
              }
            ]
          },
          {
            "internal_type": "StackLayerModule",
            "config_stacking": "VERTICAL_CENTER",
            "internal_title": "Routine3 Group",
            "position_padding_left": 0.0,
            "position_padding_right": 0.0,
            "internal_events": [
              {
                "action": "LAUNCH_SHORTCUT",
                "intent": "intent:-ST- RunRoutine3#Intent;scheme\u003dtask;action\u003dnet.dinglisch.android.tasker.WIDICKYUM;component\u003dnet.dinglisch.android.taskerm/.IntentHandler;S.mcro\u003d%3CTask%20sr%3D%22%22%3E%3Cid%3E-13%3C%2Fid%3E%3CImg%20sr%3D%22icn%22ve%3D%222%22%3E%3Cnme%3Ehd_aaa_ext_home%3C%2Fnme%3E%3C%2FImg%3E%3Cnme%3E-ST-%20RunRoutine3%3C%2Fnme%3E%3Crty%3E2%3C%2Frty%3E%3CAction%20sr%3D%22act0%22ve%3D%227%22%3E%3CStr%20sr%3D%22arg0%22ve%3D%223%22%3E-ST-%20RunRoutine3%3C%2FStr%3E%3CInt%20sr%3D%22arg1%22val%3D%227%22%2F%3E%3CStr%20sr%3D%22arg2%22ve%3D%223%22%2F%3E%3CStr%20sr%3D%22arg3%22ve%3D%223%22%2F%3E%3CStr%20sr%3D%22arg4%22ve%3D%223%22%2F%3E%3CInt%20sr%3D%22arg5%22val%3D%221%22%2F%3E%3Ccode%3E130%3C%2Fcode%3E%3C%2FAction%3E%3Ccdate%3E1473543421799%3C%2Fcdate%3E%3Cedate%3E1473543421799%3C%2Fedate%3E%3C%2FTask%3E;S.org.kustom.intent.label\u003dTask%20Shortcut;end"
              }
            ],
            "viewgroup_items": [
              {
                "internal_type": "TextModule",
                "text_expression": "$gv(md3icn)$",
                "text_size": 60.0,
                "text_family": "kfile://org.kustom.provider/fonts/Material icons 1.ttf",
                "internal_title": "Icon",
                "internal_toggles": {
                  "text_family": 100,
                  "text_expression": 100
                },
                "internal_globals": {
                  "text_family": "rn3fnt",
                  "text_expression": "rn3icn"
                },
                "text_align": "CENTER"
              },
              {
                "internal_type": "TextModule",
                "text_expression": "$br(tasker, mode3)$",
                "internal_toggles": {
                  "paint_color": 100,
                  "text_family": 100,
                  "text_expression": 100
                },
                "internal_globals": {
                  "paint_color": "color5",
                  "text_family": "main",
                  "text_expression": "rn3txt"
                },
                "text_size_type": "FIXED_WIDTH",
                "text_width": 100.0,
                "text_lines": 2.0,
                "text_align": "CENTER"
              }
            ]
          },
          {
            "internal_type": "StackLayerModule",
            "config_stacking": "VERTICAL_CENTER",
            "internal_title": "Routine4 Group",
            "position_padding_left": 0.0,
            "position_padding_right": 0.0,
            "internal_events": [
              {
                "action": "LAUNCH_SHORTCUT",
                "intent": "intent:-ST- RunRoutine4#Intent;scheme\u003dtask;action\u003dnet.dinglisch.android.tasker.WIDICKYUM;component\u003dnet.dinglisch.android.taskerm/.IntentHandler;S.mcro\u003d%3CTask%20sr%3D%22%22%3E%3Cid%3E-14%3C%2Fid%3E%3CImg%20sr%3D%22icn%22ve%3D%222%22%3E%3Cnme%3Ehd_aaa_ext_home%3C%2Fnme%3E%3C%2FImg%3E%3Cnme%3E-ST-%20RunRoutine4%3C%2Fnme%3E%3Crty%3E2%3C%2Frty%3E%3CAction%20sr%3D%22act0%22ve%3D%227%22%3E%3CStr%20sr%3D%22arg0%22ve%3D%223%22%3E-ST-%20RunRoutine4%3C%2FStr%3E%3CInt%20sr%3D%22arg1%22val%3D%227%22%2F%3E%3CStr%20sr%3D%22arg2%22ve%3D%223%22%2F%3E%3CStr%20sr%3D%22arg3%22ve%3D%223%22%2F%3E%3CStr%20sr%3D%22arg4%22ve%3D%223%22%2F%3E%3CInt%20sr%3D%22arg5%22val%3D%221%22%2F%3E%3Ccode%3E130%3C%2Fcode%3E%3C%2FAction%3E%3Ccdate%3E1473543445867%3C%2Fcdate%3E%3Cedate%3E1473543445867%3C%2Fedate%3E%3C%2FTask%3E;S.org.kustom.intent.label\u003dTask%20Shortcut;end"
              }
            ],
            "viewgroup_items": [
              {
                "internal_type": "TextModule",
                "text_expression": "$gv(md4icn)$",
                "text_size": 60.0,
                "text_family": "kfile://org.kustom.provider/fonts/Material icons 1.ttf",
                "internal_title": "Icon",
                "internal_toggles": {
                  "text_family": 100,
                  "text_expression": 100
                },
                "internal_globals": {
                  "text_family": "rn4fnt",
                  "text_expression": "rn4icn"
                },
                "text_align": "CENTER"
              },
              {
                "internal_type": "TextModule",
                "text_expression": "$br(tasker, mode4)$",
                "internal_toggles": {
                  "paint_color": 100,
                  "text_family": 100,
                  "text_expression": 100
                },
                "internal_globals": {
                  "paint_color": "color5",
                  "text_family": "main",
                  "text_expression": "rn4txt"
                },
                "text_family": "kfile://org.kustom.provider/fonts/Material icons 1.ttf",
                "text_size_type": "FIXED_WIDTH",
                "text_width": 100.0,
                "text_lines": 2.0,
                "text_align": "CENTER"
              }
            ]
          }
        ]
      },
      {
        "internal_type": "StackLayerModule",
        "internal_title": "Things",
        "position_anchor": "CENTERLEFT",
        "position_offset_x": 20.0,
        "position_offset_y": 405.0,
        "internal_animations": [
          {
            "type": "UNLOCK",
            "action": "FADE"
          },
          {
            "type": "FORMULA",
            "action": "FADE_INVERTED",
            "duration": 5.0,
            "formula": "$if(gv(a)\u003d3,1,0)$"
          },
          {
            "type": "FORMULA",
            "ease": "INVERTED",
            "duration": 8.0,
            "formula": "$if(gv(a)\u003d3,1,0)$"
          }
        ],
        "config_stacking": "HORIZONTAL_TOP",
        "viewgroup_items": [
          {
            "internal_type": "StackLayerModule",
            "internal_title": "Thing 1",
            "position_padding_left": 0.0,
            "position_padding_right": 0.0,
            "config_stacking": "VERTICAL_CENTER",
            "internal_events": [
              {
                "action": "LAUNCH_SHORTCUT",
                "intent": "intent:-ST- SetThing1#Intent;scheme\u003dtask;action\u003dnet.dinglisch.android.tasker.WIDICKYUM;component\u003dnet.dinglisch.android.taskerm/.IntentHandler;S.mcro\u003d%3CTask%20sr%3D%22%22%3E%3Cid%3E-18%3C%2Fid%3E%3CImg%20sr%3D%22icn%22ve%3D%222%22%3E%3Cnme%3Ehd_collections_view_as_grid%3C%2Fnme%3E%3C%2FImg%3E%3Cnme%3E-ST-%20SetThing1%3C%2Fnme%3E%3Crty%3E2%3C%2Frty%3E%3CAction%20sr%3D%22act0%22ve%3D%227%22%3E%3CStr%20sr%3D%22arg0%22ve%3D%223%22%3E-ST-%20SetThing1%3C%2FStr%3E%3CInt%20sr%3D%22arg1%22val%3D%227%22%2F%3E%3CStr%20sr%3D%22arg2%22ve%3D%223%22%2F%3E%3CStr%20sr%3D%22arg3%22ve%3D%223%22%2F%3E%3CStr%20sr%3D%22arg4%22ve%3D%223%22%2F%3E%3CInt%20sr%3D%22arg5%22val%3D%221%22%2F%3E%3Ccode%3E130%3C%2Fcode%3E%3C%2FAction%3E%3Ccdate%3E1473568239972%3C%2Fcdate%3E%3Cedate%3E1473568239972%3C%2Fedate%3E%3C%2FTask%3E;S.org.kustom.intent.label\u003dTask%20Shortcut;end"
              }
            ],
            "viewgroup_items": [
              {
                "internal_type": "OverlapLayerModule",
                "internal_title": "Icons",
                "viewgroup_items": [
                  {
                    "internal_type": "TextModule",
                    "internal_title": "On",
                    "internal_toggles": {
                      "text_family": 100,
                      "text_expression": 0,
                      "paint_color": 0
                    },
                    "internal_globals": {
                      "text_family": "ltfnton",
                      "text_expression": "lticnon"
                    },
                    "text_expression": "$if(br(tasker, Tg1Val)\u003d\"on\"\u0026gv(tg1typ)\u003d\"Light\",gv(lticnon))$",
                    "text_size": 60.0,
                    "text_family": "kfile://org.kustom.provider/fonts/Material icons 3.ttf",
                    "text_align": "CENTER"
                  },
                  {
                    "internal_type": "TextModule",
                    "internal_title": "Off",
                    "internal_toggles": {
                      "text_family": 100,
                      "text_expression": 0,
                      "paint_color": 0
                    },
                    "internal_globals": {
                      "text_family": "ltfntoff",
                      "text_expression": "lticnoff"
                    },
                    "text_expression": "$if(br(tasker, Tg1Val)\u003d\"off\"\u0026gv(tg1typ)\u003d\"Light\",gv(lticnoff))$",
                    "text_size": 60.0,
                    "text_family": "kfile://org.kustom.provider/fonts/Material icons 3.ttf",
                    "text_align": "CENTER"
                  }
                ]
              },
              {
                "internal_type": "TextModule",
                "internal_toggles": {
                  "paint_color": 100,
                  "text_family": 100,
                  "text_expression": 0
                },
                "internal_globals": {
                  "paint_color": "color5",
                  "text_family": "main",
                  "text_expression": "rn1txt"
                },
                "text_expression": "$br(tasker, Tg1Txt)$",
                "text_size_type": "FIXED_WIDTH",
                "text_width": 100.0,
                "text_lines": 2.0,
                "text_align": "CENTER",
                "internal_title": "Label"
              }
            ]
          },
          {
            "internal_type": "StackLayerModule",
            "internal_title": "Thing 2",
            "position_padding_left": 0.0,
            "position_padding_right": 0.0,
            "config_stacking": "VERTICAL_CENTER",
            "internal_events": [
              {
                "action": "LAUNCH_SHORTCUT",
                "intent": "intent:-ST- SetThing2#Intent;scheme\u003dtask;action\u003dnet.dinglisch.android.tasker.WIDICKYUM;component\u003dnet.dinglisch.android.taskerm/.IntentHandler;S.mcro\u003d%3CTask%20sr%3D%22%22%3E%3Cid%3E-19%3C%2Fid%3E%3CImg%20sr%3D%22icn%22ve%3D%222%22%3E%3Cnme%3Ehd_collections_view_as_grid%3C%2Fnme%3E%3C%2FImg%3E%3Cnme%3E-ST-%20SetThing2%3C%2Fnme%3E%3Crty%3E2%3C%2Frty%3E%3CAction%20sr%3D%22act0%22ve%3D%227%22%3E%3CStr%20sr%3D%22arg0%22ve%3D%223%22%3E-ST-%20SetThing2%3C%2FStr%3E%3CInt%20sr%3D%22arg1%22val%3D%227%22%2F%3E%3CStr%20sr%3D%22arg2%22ve%3D%223%22%2F%3E%3CStr%20sr%3D%22arg3%22ve%3D%223%22%2F%3E%3CStr%20sr%3D%22arg4%22ve%3D%223%22%2F%3E%3CInt%20sr%3D%22arg5%22val%3D%221%22%2F%3E%3Ccode%3E130%3C%2Fcode%3E%3C%2FAction%3E%3Ccdate%3E1473568260603%3C%2Fcdate%3E%3Cedate%3E1473568260603%3C%2Fedate%3E%3C%2FTask%3E;S.org.kustom.intent.label\u003dTask%20Shortcut;end"
              }
            ],
            "viewgroup_items": [
              {
                "internal_type": "OverlapLayerModule",
                "internal_title": "Icons",
                "viewgroup_items": [
                  {
                    "internal_type": "TextModule",
                    "internal_title": "On",
                    "internal_toggles": {
                      "text_family": 100,
                      "text_expression": 0,
                      "paint_color": 0
                    },
                    "internal_globals": {
                      "text_family": "ltfnton",
                      "text_expression": "lticnon"
                    },
                    "text_expression": "$if(br(tasker, Tg2Val)\u003d\"on\"\u0026gv(tg2typ)\u003d\"Light\",gv(lticnon))$",
                    "text_size": 60.0,
                    "text_family": "kfile://org.kustom.provider/fonts/Material icons 3.ttf",
                    "text_align": "CENTER"
                  },
                  {
                    "internal_type": "TextModule",
                    "internal_title": "Off",
                    "internal_toggles": {
                      "text_family": 100,
                      "text_expression": 0,
                      "paint_color": 0
                    },
                    "internal_globals": {
                      "text_family": "ltfntoff",
                      "text_expression": "lticnoff"
                    },
                    "text_expression": "$if(br(tasker, Tg2Val)\u003d\"off\"\u0026gv(tg2typ)\u003d\"Light\",gv(lticnoff))$",
                    "text_size": 60.0,
                    "text_family": "kfile://org.kustom.provider/fonts/Material icons 3.ttf",
                    "text_align": "CENTER"
                  }
                ]
              },
              {
                "internal_type": "TextModule",
                "internal_toggles": {
                  "paint_color": 100,
                  "text_family": 100,
                  "text_expression": 0
                },
                "internal_globals": {
                  "paint_color": "color5",
                  "text_family": "main",
                  "text_expression": "rn1txt"
                },
                "text_expression": "$br(tasker, Tg2Txt)$",
                "text_size_type": "FIXED_WIDTH",
                "text_width": 100.0,
                "text_lines": 2.0,
                "text_align": "CENTER",
                "internal_title": "Label"
              }
            ]
          },
          {
            "internal_type": "StackLayerModule",
            "internal_title": "Thing 3",
            "position_padding_left": 0.0,
            "position_padding_right": 0.0,
            "config_stacking": "VERTICAL_CENTER",
            "internal_events": [
              {
                "action": "LAUNCH_SHORTCUT",
                "intent": "intent:-ST- SetThing3#Intent;scheme\u003dtask;action\u003dnet.dinglisch.android.tasker.WIDICKYUM;component\u003dnet.dinglisch.android.taskerm/.IntentHandler;S.mcro\u003d%3CTask%20sr%3D%22%22%3E%3Cid%3E-20%3C%2Fid%3E%3CImg%20sr%3D%22icn%22ve%3D%222%22%3E%3Cnme%3Ehd_collections_view_as_grid%3C%2Fnme%3E%3C%2FImg%3E%3Cnme%3E-ST-%20SetThing3%3C%2Fnme%3E%3Crty%3E2%3C%2Frty%3E%3CAction%20sr%3D%22act0%22ve%3D%227%22%3E%3CStr%20sr%3D%22arg0%22ve%3D%223%22%3E-ST-%20SetThing3%3C%2FStr%3E%3CInt%20sr%3D%22arg1%22val%3D%227%22%2F%3E%3CStr%20sr%3D%22arg2%22ve%3D%223%22%2F%3E%3CStr%20sr%3D%22arg3%22ve%3D%223%22%2F%3E%3CStr%20sr%3D%22arg4%22ve%3D%223%22%2F%3E%3CInt%20sr%3D%22arg5%22val%3D%221%22%2F%3E%3Ccode%3E130%3C%2Fcode%3E%3C%2FAction%3E%3Ccdate%3E1473568275437%3C%2Fcdate%3E%3Cedate%3E1473568275437%3C%2Fedate%3E%3C%2FTask%3E;S.org.kustom.intent.label\u003dTask%20Shortcut;end"
              }
            ],
            "viewgroup_items": [
              {
                "internal_type": "OverlapLayerModule",
                "internal_title": "Icons",
                "viewgroup_items": [
                  {
                    "internal_type": "TextModule",
                    "internal_title": "On",
                    "internal_toggles": {
                      "text_family": 100,
                      "text_expression": 0,
                      "paint_color": 0
                    },
                    "internal_globals": {
                      "text_family": "ltfnton",
                      "text_expression": "lticnon"
                    },
                    "text_expression": "$if(br(tasker, Tg3Val)\u003d\"on\"\u0026gv(tg3typ)\u003d\"Light\",gv(lticnon))$",
                    "text_size": 60.0,
                    "text_family": "kfile://org.kustom.provider/fonts/Material icons 3.ttf",
                    "text_align": "CENTER"
                  },
                  {
                    "internal_type": "TextModule",
                    "internal_title": "Off",
                    "internal_toggles": {
                      "text_family": 100,
                      "text_expression": 0,
                      "paint_color": 0
                    },
                    "internal_globals": {
                      "text_family": "ltfntoff",
                      "text_expression": "lticnoff"
                    },
                    "text_expression": "$if(br(tasker, Tg3Val)\u003d\"off\"\u0026gv(tg3typ)\u003d\"Light\",gv(lticnoff))$",
                    "text_size": 60.0,
                    "text_family": "kfile://org.kustom.provider/fonts/Material icons 3.ttf",
                    "text_align": "CENTER"
                  }
                ]
              },
              {
                "internal_type": "TextModule",
                "internal_toggles": {
                  "paint_color": 100,
                  "text_family": 100,
                  "text_expression": 0
                },
                "internal_globals": {
                  "paint_color": "color5",
                  "text_family": "main",
                  "text_expression": "rn1txt"
                },
                "text_expression": "$br(tasker, Tg3Txt)$",
                "text_size_type": "FIXED_WIDTH",
                "text_width": 100.0,
                "text_lines": 2.0,
                "text_align": "CENTER",
                "internal_title": "Label"
              }
            ]
          },
          {
            "internal_type": "StackLayerModule",
            "internal_title": "Thing 4",
            "position_padding_left": 0.0,
            "position_padding_right": 0.0,
            "config_stacking": "VERTICAL_CENTER",
            "internal_events": [
              {
                "action": "LAUNCH_SHORTCUT",
                "intent": "intent:-ST- SetThing4#Intent;scheme\u003dtask;action\u003dnet.dinglisch.android.tasker.WIDICKYUM;component\u003dnet.dinglisch.android.taskerm/.IntentHandler;S.mcro\u003d%3CTask%20sr%3D%22%22%3E%3Cid%3E-21%3C%2Fid%3E%3CImg%20sr%3D%22icn%22ve%3D%222%22%3E%3Cnme%3Ehd_collections_view_as_grid%3C%2Fnme%3E%3C%2FImg%3E%3Cnme%3E-ST-%20SetThing4%3C%2Fnme%3E%3Crty%3E2%3C%2Frty%3E%3CAction%20sr%3D%22act0%22ve%3D%227%22%3E%3CStr%20sr%3D%22arg0%22ve%3D%223%22%3E-ST-%20SetThing4%3C%2FStr%3E%3CInt%20sr%3D%22arg1%22val%3D%227%22%2F%3E%3CStr%20sr%3D%22arg2%22ve%3D%223%22%2F%3E%3CStr%20sr%3D%22arg3%22ve%3D%223%22%2F%3E%3CStr%20sr%3D%22arg4%22ve%3D%223%22%2F%3E%3CInt%20sr%3D%22arg5%22val%3D%221%22%2F%3E%3Ccode%3E130%3C%2Fcode%3E%3C%2FAction%3E%3Ccdate%3E1473568289236%3C%2Fcdate%3E%3Cedate%3E1473568289236%3C%2Fedate%3E%3C%2FTask%3E;S.org.kustom.intent.label\u003dTask%20Shortcut;end"
              }
            ],
            "viewgroup_items": [
              {
                "internal_type": "OverlapLayerModule",
                "internal_title": "Icons",
                "viewgroup_items": [
                  {
                    "internal_type": "TextModule",
                    "internal_title": "On",
                    "internal_toggles": {
                      "text_family": 100,
                      "text_expression": 0,
                      "paint_color": 0
                    },
                    "internal_globals": {
                      "text_family": "ltfnton",
                      "text_expression": "lticnon"
                    },
                    "text_expression": "$if(br(tasker, Tg4Val)\u003d\"on\"\u0026gv(tg4typ)\u003d\"Light\",gv(lticnon))$",
                    "text_size": 60.0,
                    "text_family": "kfile://org.kustom.provider/fonts/Material icons 3.ttf",
                    "text_align": "CENTER"
                  },
                  {
                    "internal_type": "TextModule",
                    "internal_title": "Off",
                    "internal_toggles": {
                      "text_family": 100,
                      "text_expression": 0,
                      "paint_color": 0
                    },
                    "internal_globals": {
                      "text_family": "ltfntoff",
                      "text_expression": "lticnoff"
                    },
                    "text_expression": "$if(br(tasker, Tg4Val)\u003d\"off\"\u0026gv(tg4typ)\u003d\"Light\",gv(lticnoff))$",
                    "text_size": 60.0,
                    "text_family": "kfile://org.kustom.provider/fonts/Material icons 3.ttf",
                    "text_align": "CENTER"
                  },
                  {
                    "internal_type": "TextModule",
                    "internal_title": "Open",
                    "internal_toggles": {
                      "text_family": 100,
                      "text_expression": 0,
                      "paint_color": 0
                    },
                    "internal_globals": {
                      "text_family": "ctfntopn",
                      "text_expression": "lticnon"
                    },
                    "text_expression": "$if(br(tasker, Tg4Val)\u003d\"open\"\u0026gv(tg4typ)\u003d\"Contact\",gv(cticnopn))$",
                    "text_size": 60.0,
                    "text_family": "kfile://org.kustom.provider/fonts/Material icons 3.ttf",
                    "text_align": "CENTER"
                  },
                  {
                    "internal_type": "TextModule",
                    "internal_title": "Closed",
                    "internal_toggles": {
                      "text_family": 100,
                      "text_expression": 0,
                      "paint_color": 0
                    },
                    "internal_globals": {
                      "text_family": "ctfntcls",
                      "text_expression": "lticnoff"
                    },
                    "text_expression": "$if(br(tasker, Tg4Val)\u003d\"closed\"\u0026gv(tg4typ)\u003d\"Contact\",gv(cticncls))$",
                    "text_size": 60.0,
                    "text_family": "kfile://org.kustom.provider/fonts/Material icons 3.ttf",
                    "text_align": "CENTER"
                  }
                ]
              },
              {
                "internal_type": "TextModule",
                "internal_toggles": {
                  "paint_color": 100,
                  "text_family": 100,
                  "text_expression": 0
                },
                "internal_globals": {
                  "paint_color": "color5",
                  "text_family": "main",
                  "text_expression": "rn1txt"
                },
                "text_expression": "$br(tasker, Tg4Txt)$",
                "text_size_type": "FIXED_WIDTH",
                "text_width": 100.0,
                "text_lines": 2.0,
                "text_align": "CENTER",
                "internal_title": "Label"
              }
            ]
          }
        ]
      },
      {
        "internal_type": "TextModule",
        "internal_toggles": {
          "text_family": 100,
          "paint_color": 100
        },
        "internal_globals": {
          "text_family": "main",
          "paint_color": "color4"
        },
        "position_anchor": "BOTTOMLEFT",
        "text_expression": "Mode is: [i]$br(tasker, mode)$[/i]",
        "position_offset_x": 35.0,
        "position_offset_y": 125.0,
        "internal_title": "Current Mode",
        "internal_animations": [
          {
            "type": "FORMULA",
            "ease": "INVERTED",
            "formula": "$if(gv(a)\u003d1,1,0)$"
          },
          {
            "type": "FORMULA",
            "action": "FADE_INVERTED",
            "duration": 6.0,
            "formula": "$if(gv(a)\u003d1,1,0)$"
          },
          {
            "type": "UNLOCK",
            "action": "FADE"
          }
        ]
      },
      {
        "internal_type": "TextModule",
        "internal_toggles": {
          "text_family": 100,
          "paint_color": 100
        },
        "internal_globals": {
          "text_family": "main",
          "paint_color": "color4"
        },
        "position_anchor": "BOTTOMLEFT",
        "text_expression": "Routines",
        "position_offset_x": 35.0,
        "position_offset_y": 125.0,
        "internal_title": "Routines Label",
        "internal_animations": [
          {
            "type": "FORMULA",
            "ease": "INVERTED",
            "formula": "$if(gv(a)\u003d2,1,0)$"
          },
          {
            "type": "FORMULA",
            "action": "FADE_INVERTED",
            "duration": 6.0,
            "formula": "$if(gv(a)\u003d2,1,0)$"
          },
          {
            "type": "UNLOCK",
            "action": "FADE"
          }
        ]
      },
      {
        "internal_type": "TextModule",
        "internal_toggles": {
          "text_family": 100,
          "paint_color": 100
        },
        "internal_globals": {
          "text_family": "main",
          "paint_color": "color4"
        },
        "position_anchor": "BOTTOMLEFT",
        "text_expression": "Things",
        "position_offset_x": 35.0,
        "position_offset_y": 125.0,
        "internal_title": "Things Label",
        "internal_animations": [
          {
            "type": "FORMULA",
            "ease": "INVERTED",
            "formula": "$if(gv(a)\u003d3,1,0)$"
          },
          {
            "type": "FORMULA",
            "action": "FADE_INVERTED",
            "duration": 6.0,
            "formula": "$if(gv(a)\u003d3,1,0)$"
          },
          {
            "type": "UNLOCK",
            "action": "FADE"
          }
        ]
      },
      {
        "internal_type": "TextModule",
        "internal_toggles": {
          "text_family": 100,
          "paint_color": 100
        },
        "internal_globals": {
          "text_family": "main",
          "paint_color": "color4"
        },
        "position_anchor": "BOTTOMLEFT",
        "text_expression": "$wi(cond)$ $wi(temp)$°",
        "position_offset_x": 20.0,
        "position_offset_y": 125.0,
        "internal_title": "Weather info",
        "internal_animations": [
          {
            "type": "FORMULA",
            "formula": "$if(gv(a)\u003d1|gv(a)\u003d2|gv(a)\u003d3,1,0)$"
          },
          {
            "type": "FORMULA",
            "action": "FADE",
            "duration": 6.0,
            "formula": "$if(gv(a)\u003d1|gv(a)\u003d2|gv(a)\u003d3,1,0)$"
          },
          {
            "type": "UNLOCK",
            "action": "FADE"
          }
        ],
        "internal_events": [
          {
            "action": "LAUNCH_SHORTCUT",
            "intent": "intent:-Weather-#Intent;scheme\u003dtask;action\u003dnet.dinglisch.android.tasker.WIDICKYUM;component\u003dnet.dinglisch.android.taskerm/.IntentHandler;S.mcro\u003d%3CTask%20sr%3D%22%22%3E%3Cid%3E-24%3C%2Fid%3E%3CImg%20sr%3D%22icn%22ve%3D%222%22%3E%3Cnme%3Ehl_device_access_brightness_high%3C%2Fnme%3E%3C%2FImg%3E%3Cnme%3E-Weather-%3C%2Fnme%3E%3Crty%3E2%3C%2Frty%3E%3CAction%20sr%3D%22act0%22ve%3D%227%22%3E%3CStr%20sr%3D%22arg0%22ve%3D%223%22%3E-Weather-%3C%2FStr%3E%3CInt%20sr%3D%22arg1%22val%3D%227%22%2F%3E%3CStr%20sr%3D%22arg2%22ve%3D%223%22%2F%3E%3CStr%20sr%3D%22arg3%22ve%3D%223%22%2F%3E%3CStr%20sr%3D%22arg4%22ve%3D%223%22%2F%3E%3CInt%20sr%3D%22arg5%22val%3D%221%22%2F%3E%3Ccode%3E130%3C%2Fcode%3E%3C%2FAction%3E%3Ccdate%3E1473570231725%3C%2Fcdate%3E%3Cedate%3E1473570231725%3C%2Fedate%3E%3C%2FTask%3E;S.org.kustom.intent.label\u003dTask%20Shortcut;end"
          }
        ]
      },
      {
        "internal_type": "OverlapLayerModule",
        "position_anchor": "BOTTOM",
        "internal_title": "Navbar Group",
        "internal_animations": [
          {
            "type": "UNLOCK",
            "duration": 5.0
          }
        ],
        "viewgroup_items": [
          {
            "internal_type": "ShapeModule",
            "internal_toggles": {
              "shape_height": 0,
              "paint_color": 10
            },
            "internal_formulas": {
              "shape_height": "1280",
              "paint_color": "$gv(color3)$"
            },
            "shape_type": "RECT",
            "shape_width": 720,
            "fx_shadow": "OUTER",
            "fx_shadow_color": "#93000000",
            "fx_shadow_direction": 90.0,
            "fx_shadow_distance": 3.0,
            "fx_shadow_blur": 10.0,
            "shape_height": 100.0,
            "position_padding_top": 20.0,
            "position_anchor": "BOTTOM",
            "internal_title": "Nav Bar"
          },
          {
            "internal_type": "ShapeModule",
            "internal_toggles": {
              "paint_color": 10
            },
            "internal_formulas": {
              "paint_color": "$gv(color3)$"
            },
            "position_padding_right": 80.0,
            "position_anchor": "BOTTOMRIGHT",
            "shape_type": "RECT",
            "shape_width": 150.0,
            "shape_height": 310.0,
            "internal_title": "BG"
          }
        ]
      },
      {
        "internal_type": "StackLayerModule",
        "position_anchor": "BOTTOMRIGHT",
        "position_offset_y": 100.0,
        "config_stacking": "VERTICAL_CENTER",
        "internal_title": "Toggle Switch group",
        "internal_animations": [
          {
            "type": "UNLOCK",
            "speed": 30,
            "duration": 5.0
          }
        ],
        "viewgroup_items": [
          {
            "internal_type": "OverlapLayerModule",
            "internal_title": "Modes",
            "internal_events": [
              {
                "action": "SWITCH_GLOBAL",
                "switch": "a",
                "switch_text": "$if(gv(a)!\u003d1,1,0)$"
              },
              {
                "action": "LAUNCH_SHORTCUT",
                "intent": "intent:-ST- GetModes#Intent;scheme\u003dtask;action\u003dnet.dinglisch.android.tasker.WIDICKYUM;component\u003dnet.dinglisch.android.taskerm/.IntentHandler;S.mcro\u003d%3CTask%20sr%3D%22%22%3E%3Cid%3E-25%3C%2Fid%3E%3CImg%20sr%3D%22icn%22ve%3D%222%22%3E%3Cnme%3Ehd_aaa_ext_home%3C%2Fnme%3E%3C%2FImg%3E%3Cnme%3E-ST-%20GetModes%3C%2Fnme%3E%3Crty%3E2%3C%2Frty%3E%3CAction%20sr%3D%22act0%22ve%3D%227%22%3E%3CStr%20sr%3D%22arg0%22ve%3D%223%22%3E-ST-%20GetModes%3C%2FStr%3E%3CInt%20sr%3D%22arg1%22val%3D%227%22%2F%3E%3CStr%20sr%3D%22arg2%22ve%3D%223%22%2F%3E%3CStr%20sr%3D%22arg3%22ve%3D%223%22%2F%3E%3CStr%20sr%3D%22arg4%22ve%3D%223%22%2F%3E%3CInt%20sr%3D%22arg5%22val%3D%221%22%2F%3E%3Ccode%3E130%3C%2Fcode%3E%3C%2FAction%3E%3Ccdate%3E1473570436247%3C%2Fcdate%3E%3Cedate%3E1473570436247%3C%2Fedate%3E%3C%2FTask%3E;S.org.kustom.intent.label\u003dTask%20Shortcut;end"
              },
              {
                "action": "KUSTOM_ACTION",
                "kustom_action": "WEATHER_UPDATE"
              }
            ],
            "viewgroup_items": [
              {
                "internal_type": "ShapeModule",
                "shape_type": "RECT",
                "shape_width": 80.0,
                "shape_height": 70.0,
                "internal_toggles": {
                  "paint_color": 10
                },
                "internal_formulas": {
                  "paint_color": "$ce(gv(color1), alpha, 90)$"
                },
                "internal_title": "BG"
              },
              {
                "internal_type": "TextModule",
                "text_expression": "k",
                "text_size": 30.0,
                "text_family": "kfile://org.kustom.provider/fonts/Material icons 3.ttf",
                "internal_toggles": {
                  "paint_color": 100
                },
                "internal_globals": {
                  "paint_color": "color4"
                },
                "internal_title": "Icon"
              }
            ]
          },
          {
            "internal_type": "OverlapLayerModule",
            "internal_title": "Routines",
            "internal_events": [
              {
                "action": "SWITCH_GLOBAL",
                "switch": "a",
                "switch_text": "$if(gv(a)!\u003d2,2,0)$"
              },
              {
                "action": "KUSTOM_ACTION",
                "kustom_action": "WEATHER_UPDATE"
              }
            ],
            "viewgroup_items": [
              {
                "internal_type": "ShapeModule",
                "shape_type": "RECT",
                "shape_width": 80.0,
                "shape_height": 70.0,
                "internal_toggles": {
                  "paint_color": 10
                },
                "internal_formulas": {
                  "paint_color": "$ce(gv(color1), alpha, 60)$"
                },
                "internal_title": "BG"
              },
              {
                "internal_type": "TextModule",
                "text_expression": "#",
                "text_size": 30.0,
                "text_family": "kfile://org.kustom.provider/fonts/Material icons 1.ttf",
                "internal_toggles": {
                  "paint_color": 100
                },
                "internal_globals": {
                  "paint_color": "color4"
                },
                "internal_title": "Icon"
              }
            ]
          },
          {
            "internal_type": "OverlapLayerModule",
            "internal_title": "Things",
            "internal_events": [
              {
                "action": "SWITCH_GLOBAL",
                "switch": "a",
                "switch_text": "$if(gv(a)!\u003d3,3,0)$"
              },
              {
                "action": "LAUNCH_SHORTCUT",
                "intent": "intent:-ST- GetThings#Intent;scheme\u003dtask;action\u003dnet.dinglisch.android.tasker.WIDICKYUM;component\u003dnet.dinglisch.android.taskerm/.IntentHandler;S.mcro\u003d%3CTask%20sr%3D%22%22%3E%3Cid%3E-26%3C%2Fid%3E%3CImg%20sr%3D%22icn%22ve%3D%222%22%3E%3Cnme%3Ehd_collections_view_as_grid%3C%2Fnme%3E%3C%2FImg%3E%3Cnme%3E-ST-%20GetThings%3C%2Fnme%3E%3Crty%3E2%3C%2Frty%3E%3CAction%20sr%3D%22act0%22ve%3D%227%22%3E%3CStr%20sr%3D%22arg0%22ve%3D%223%22%3E-ST-%20GetThings%3C%2FStr%3E%3CInt%20sr%3D%22arg1%22val%3D%227%22%2F%3E%3CStr%20sr%3D%22arg2%22ve%3D%223%22%2F%3E%3CStr%20sr%3D%22arg3%22ve%3D%223%22%2F%3E%3CStr%20sr%3D%22arg4%22ve%3D%223%22%2F%3E%3CInt%20sr%3D%22arg5%22val%3D%221%22%2F%3E%3Ccode%3E130%3C%2Fcode%3E%3C%2FAction%3E%3Ccdate%3E1473570480125%3C%2Fcdate%3E%3Cedate%3E1473570480125%3C%2Fedate%3E%3C%2FTask%3E;S.org.kustom.intent.label\u003dTask%20Shortcut;end"
              },
              {
                "action": "KUSTOM_ACTION",
                "kustom_action": "WEATHER_UPDATE"
              }
            ],
            "viewgroup_items": [
              {
                "internal_type": "ShapeModule",
                "shape_type": "RECT",
                "shape_width": 80.0,
                "shape_height": 70.0,
                "internal_toggles": {
                  "paint_color": 10
                },
                "internal_formulas": {
                  "paint_color": "$ce(gv(color1), alpha, 30)$"
                },
                "internal_title": "BG"
              },
              {
                "internal_type": "TextModule",
                "text_expression": "h",
                "text_size": 30.0,
                "text_family": "kfile://org.kustom.provider/fonts/Material icons 1.ttf",
                "internal_toggles": {
                  "paint_color": 100
                },
                "internal_globals": {
                  "paint_color": "color4"
                },
                "internal_title": "Icon"
              }
            ]
          }
        ]
      },
      {
        "internal_type": "KomponentModule",
        "internal_title": "WeatherFlatSVG",
        "globals_list": {
          "icon": {
            "index": 1,
            "type": "LIST",
            "title": "Icon",
            "entries": "\"$wi(icon)$\"##Current,\"$wf(icon, 0)$\"##Today Forecast,\"$wf(icon, 1)$\"##Tomorrow Forecast,\"$wf(icon, 2)$\"##2 Days Forecast,\"$wf(icon, 3)$\"##3 Days Forecast,\"$wf(icon, 4)$\"##4 Days Forecast,\"$wf(icon, 5)$\"##5 Days Forecast,\"$wf(icon, 6)$\"##6 Days Forecast,\"$wf(icon, 7)$\"##7 Days Forecast,\"$wf(icon, 8)$\"##8 Days Forecast,\"$wf(icon, 9)$\"##9 Days Forecast",
            "value": "$wi(icon)$"
          },
          "nightico": {
            "index": 2,
            "type": "SWITCH",
            "title": "NightIco",
            "value": 1
          },
          "scale": {
            "index": 3,
            "type": "NUMBER",
            "title": "Scale",
            "min": 20,
            "max": 500,
            "value": 100
          }
        },
        "internal_locked": "true",
        "position_anchor": "BOTTOMRIGHT",
        "position_offset_x": 105.0,
        "position_offset_y": 160.0,
        "internal_animations": [
          {
            "type": "FORMULA",
            "action": "FADE",
            "speed": 40,
            "angle": 90,
            "formula": "$if(gv(a)\u003d1|gv(a)\u003d2|gv(a)\u003d3,1,0)$"
          },
          {
            "type": "UNLOCK",
            "action": "FADE"
          }
        ],
        "internal_events": [
          {
            "action": "LAUNCH_SHORTCUT",
            "intent": "intent:-Weather-#Intent;scheme\u003dtask;action\u003dnet.dinglisch.android.tasker.WIDICKYUM;component\u003dnet.dinglisch.android.taskerm/.IntentHandler;S.mcro\u003d%3CTask%20sr%3D%22%22%3E%3Cid%3E-23%3C%2Fid%3E%3CImg%20sr%3D%22icn%22ve%3D%222%22%3E%3Cnme%3Ehl_device_access_brightness_high%3C%2Fnme%3E%3C%2FImg%3E%3Cnme%3E-Weather-%3C%2Fnme%3E%3Crty%3E2%3C%2Frty%3E%3CAction%20sr%3D%22act0%22ve%3D%227%22%3E%3CStr%20sr%3D%22arg0%22ve%3D%223%22%3E-Weather-%3C%2FStr%3E%3CInt%20sr%3D%22arg1%22val%3D%227%22%2F%3E%3CStr%20sr%3D%22arg2%22ve%3D%223%22%2F%3E%3CStr%20sr%3D%22arg3%22ve%3D%223%22%2F%3E%3CStr%20sr%3D%22arg4%22ve%3D%223%22%2F%3E%3CInt%20sr%3D%22arg5%22val%3D%221%22%2F%3E%3Ccode%3E130%3C%2Fcode%3E%3C%2FAction%3E%3Ccdate%3E1473570205604%3C%2Fcdate%3E%3Cedate%3E1473570205604%3C%2Fedate%3E%3C%2FTask%3E;S.org.kustom.intent.label\u003dTask%20Shortcut;end"
          }
        ],
        "viewgroup_items": [
          {
            "internal_type": "OverlapLayerModule",
            "internal_title": "Bitmaps",
            "internal_toggles": {
              "config_scale_value": 100
            },
            "internal_globals": {
              "config_scale_value": "scale"
            },
            "viewgroup_items": [
              {
                "internal_type": "BitmapModule",
                "internal_title": "Clear Day",
                "internal_toggles": {
                  "bitmap_alpha": 10
                },
                "internal_formulas": {
                  "bitmap_alpha": "$if(gv(icon)\u003dclear \u0026 (ai(isday)\u003d1 | gv(nightico)\u003d0), 100, 0)$"
                },
                "bitmap_mode": "VECTOR",
                "bitmap_svg": "kfile://org.kustom.provider/bitmaps/clear-day.svg"
              },
              {
                "internal_type": "BitmapModule",
                "internal_title": "Clear Night",
                "internal_toggles": {
                  "bitmap_alpha": 10
                },
                "internal_formulas": {
                  "bitmap_alpha": "$if(gv(icon)\u003dclear \u0026 (ai(isday)\u003d0 \u0026 gv(nightico)\u003d1), 100, 0)$"
                },
                "bitmap_mode": "VECTOR",
                "bitmap_svg": "kfile://org.kustom.provider/bitmaps/clear-night.svg"
              },
              {
                "internal_type": "BitmapModule",
                "internal_title": "Fog Day",
                "internal_toggles": {
                  "bitmap_alpha": 10
                },
                "internal_formulas": {
                  "bitmap_alpha": "$if(gv(icon)\u003dfog \u0026 (ai(isday)\u003d1 | gv(nightico)\u003d0), 100, 0)$"
                },
                "bitmap_mode": "VECTOR",
                "bitmap_svg": "kfile://org.kustom.provider/bitmaps/fog-day.svg"
              },
              {
                "internal_type": "BitmapModule",
                "internal_title": "Fog Night",
                "internal_toggles": {
                  "bitmap_alpha": 10
                },
                "internal_formulas": {
                  "bitmap_alpha": "$if(gv(icon)\u003dfog \u0026 (ai(isday)\u003d0 \u0026 gv(nightico)\u003d1), 100, 0)$"
                },
                "bitmap_mode": "VECTOR",
                "bitmap_svg": "kfile://org.kustom.provider/bitmaps/fog-night.svg"
              },
              {
                "internal_type": "BitmapModule",
                "internal_title": "Hail Day",
                "internal_toggles": {
                  "bitmap_alpha": 10
                },
                "internal_formulas": {
                  "bitmap_alpha": "$if(gv(icon)\u003dhail \u0026 (ai(isday)\u003d1 | gv(nightico)\u003d0), 100, 0)$"
                },
                "bitmap_mode": "VECTOR",
                "bitmap_svg": "kfile://org.kustom.provider/bitmaps/hail-day.svg"
              },
              {
                "internal_type": "BitmapModule",
                "internal_title": "Hail Night",
                "internal_toggles": {
                  "bitmap_alpha": 10
                },
                "internal_formulas": {
                  "bitmap_alpha": "$if(gv(icon)\u003dhail \u0026 (ai(isday)\u003d0 \u0026 gv(nightico)\u003d1), 100, 0)$"
                },
                "bitmap_mode": "VECTOR",
                "bitmap_svg": "kfile://org.kustom.provider/bitmaps/hail-night.svg"
              },
              {
                "internal_type": "BitmapModule",
                "internal_title": "Light Snow Day",
                "internal_toggles": {
                  "bitmap_alpha": 10
                },
                "internal_formulas": {
                  "bitmap_alpha": "$if(gv(icon)\u003dlsnow \u0026 (ai(isday)\u003d1 | gv(nightico)\u003d0), 100, 0)$"
                },
                "bitmap_mode": "VECTOR",
                "bitmap_svg": "kfile://org.kustom.provider/bitmaps/lsnow-day.svg"
              },
              {
                "internal_type": "BitmapModule",
                "internal_title": "Light Snow Night",
                "internal_toggles": {
                  "bitmap_alpha": 10
                },
                "internal_formulas": {
                  "bitmap_alpha": "$if(gv(icon)\u003dlsnow \u0026 (ai(isday)\u003d0 \u0026 gv(nightico)\u003d1), 100, 0)$"
                },
                "bitmap_mode": "VECTOR",
                "bitmap_svg": "kfile://org.kustom.provider/bitmaps/lsnow-night.svg"
              },
              {
                "internal_type": "BitmapModule",
                "internal_title": "Mostly Cloudy",
                "internal_toggles": {
                  "bitmap_alpha": 10
                },
                "internal_formulas": {
                  "bitmap_alpha": "$if(gv(icon)\u003dmcloudy, 100, 0)$"
                },
                "bitmap_mode": "VECTOR",
                "bitmap_svg": "kfile://org.kustom.provider/bitmaps/mcloudy.svg"
              },
              {
                "internal_type": "BitmapModule",
                "internal_title": "Partly Cloudy Day",
                "internal_toggles": {
                  "bitmap_alpha": 10
                },
                "internal_formulas": {
                  "bitmap_alpha": "$if(gv(icon)\u003dpcloudy \u0026 (ai(isday)\u003d1 | gv(nightico)\u003d0), 100, 0)$"
                },
                "bitmap_mode": "VECTOR",
                "bitmap_svg": "kfile://org.kustom.provider/bitmaps/pcloudy-day.svg"
              },
              {
                "internal_type": "BitmapModule",
                "internal_title": "Partly Cloudy Night",
                "internal_toggles": {
                  "bitmap_alpha": 10
                },
                "internal_formulas": {
                  "bitmap_alpha": "$if(gv(icon)\u003dpcloudy \u0026 (ai(isday)\u003d0 \u0026 gv(nightico)\u003d1), 100, 0)$"
                },
                "bitmap_mode": "VECTOR",
                "bitmap_svg": "kfile://org.kustom.provider/bitmaps/pcloudy-night.svg"
              },
              {
                "internal_type": "BitmapModule",
                "internal_title": "Rain",
                "internal_toggles": {
                  "bitmap_alpha": 10
                },
                "internal_formulas": {
                  "bitmap_alpha": "$if(gv(icon)\u003drain, 100, 0)$"
                },
                "bitmap_mode": "VECTOR",
                "bitmap_svg": "kfile://org.kustom.provider/bitmaps/rain.svg"
              },
              {
                "internal_type": "BitmapModule",
                "internal_title": "Showers Day",
                "internal_toggles": {
                  "bitmap_alpha": 10
                },
                "internal_formulas": {
                  "bitmap_alpha": "$if(gv(icon)\u003dshower \u0026 (ai(isday)\u003d1 | gv(nightico)\u003d0), 100, 0)$"
                },
                "bitmap_mode": "VECTOR",
                "bitmap_svg": "kfile://org.kustom.provider/bitmaps/showers-day.svg"
              },
              {
                "internal_type": "BitmapModule",
                "internal_title": "Showers Night",
                "internal_toggles": {
                  "bitmap_alpha": 10
                },
                "internal_formulas": {
                  "bitmap_alpha": "$if(gv(icon)\u003dshower \u0026 (ai(isday)\u003d0 \u0026 gv(nightico)\u003d1), 100, 0)$"
                },
                "bitmap_mode": "VECTOR",
                "bitmap_svg": "kfile://org.kustom.provider/bitmaps/showers-night.svg"
              },
              {
                "internal_type": "BitmapModule",
                "internal_title": "Sleet Day",
                "internal_toggles": {
                  "bitmap_alpha": 10
                },
                "internal_formulas": {
                  "bitmap_alpha": "$if(gv(icon)\u003dsleet \u0026 (ai(isday)\u003d1 | gv(nightico)\u003d0), 100, 0)$"
                },
                "bitmap_mode": "VECTOR",
                "bitmap_svg": "kfile://org.kustom.provider/bitmaps/sleet-day.svg"
              },
              {
                "internal_type": "BitmapModule",
                "internal_title": "Sleet Night",
                "internal_toggles": {
                  "bitmap_alpha": 10
                },
                "internal_formulas": {
                  "bitmap_alpha": "$if(gv(icon)\u003dsleet \u0026 (ai(isday)\u003d0 \u0026 gv(nightico)\u003d1), 100, 0)$"
                },
                "bitmap_mode": "VECTOR",
                "bitmap_svg": "kfile://org.kustom.provider/bitmaps/sleet-night.svg"
              },
              {
                "internal_type": "BitmapModule",
                "internal_title": "Snow Day",
                "internal_toggles": {
                  "bitmap_alpha": 10
                },
                "internal_formulas": {
                  "bitmap_alpha": "$if(gv(icon)\u003dsnow \u0026 (ai(isday)\u003d1 | gv(nightico)\u003d0), 100, 0)$"
                },
                "bitmap_mode": "VECTOR",
                "bitmap_svg": "kfile://org.kustom.provider/bitmaps/snow-day.svg"
              },
              {
                "internal_type": "BitmapModule",
                "internal_title": "Snow Night",
                "internal_toggles": {
                  "bitmap_alpha": 10
                },
                "internal_formulas": {
                  "bitmap_alpha": "$if(gv(icon)\u003dsnow \u0026 (ai(isday)\u003d0 \u0026 gv(nightico)\u003d1), 100, 0)$"
                },
                "bitmap_mode": "VECTOR",
                "bitmap_svg": "kfile://org.kustom.provider/bitmaps/snow-night.svg"
              },
              {
                "internal_type": "BitmapModule",
                "internal_title": "Tornado",
                "internal_toggles": {
                  "bitmap_alpha": 10
                },
                "internal_formulas": {
                  "bitmap_alpha": "$if(gv(icon)\u003dtornado, 100, 0)$"
                },
                "bitmap_mode": "VECTOR",
                "bitmap_svg": "kfile://org.kustom.provider/bitmaps/tornado.svg"
              },
              {
                "internal_type": "BitmapModule",
                "internal_title": "Thunder Shower Day",
                "internal_toggles": {
                  "bitmap_alpha": 10
                },
                "internal_formulas": {
                  "bitmap_alpha": "$if(gv(icon)\u003dtshower \u0026 (ai(isday)\u003d1 | gv(nightico)\u003d0), 100, 0)$"
                },
                "bitmap_mode": "VECTOR",
                "bitmap_svg": "kfile://org.kustom.provider/bitmaps/tshower-day.svg"
              },
              {
                "internal_type": "BitmapModule",
                "internal_title": "Thunder Shower Night",
                "internal_toggles": {
                  "bitmap_alpha": 10
                },
                "internal_formulas": {
                  "bitmap_alpha": "$if(gv(icon)\u003dtshower \u0026 (ai(isday)\u003d0 \u0026 gv(nightico)\u003d1), 100, 0)$"
                },
                "bitmap_mode": "VECTOR",
                "bitmap_svg": "kfile://org.kustom.provider/bitmaps/tshower-night.svg"
              },
              {
                "internal_type": "BitmapModule",
                "internal_title": "Thunderstorm",
                "internal_toggles": {
                  "bitmap_alpha": 10
                },
                "internal_formulas": {
                  "bitmap_alpha": "$if(gv(icon)\u003dtstorm, 100, 0)$"
                },
                "bitmap_mode": "VECTOR",
                "bitmap_svg": "kfile://org.kustom.provider/bitmaps/tstorm.svg"
              },
              {
                "internal_type": "BitmapModule",
                "internal_title": "Unknown",
                "internal_toggles": {
                  "bitmap_alpha": 10
                },
                "internal_formulas": {
                  "bitmap_alpha": "$if(gv(icon)\u003dunknown, 100, 0)$"
                },
                "bitmap_mode": "VECTOR",
                "bitmap_svg": "kfile://org.kustom.provider/bitmaps/unknown.svg"
              },
              {
                "internal_type": "BitmapModule",
                "internal_title": "Windy Day",
                "internal_toggles": {
                  "bitmap_alpha": 10
                },
                "internal_formulas": {
                  "bitmap_alpha": "$if(gv(icon)\u003dwindy \u0026 (ai(isday)\u003d1 | gv(nightico)\u003d0), 100, 0)$"
                },
                "bitmap_mode": "VECTOR",
                "bitmap_svg": "kfile://org.kustom.provider/bitmaps/windy-day.svg"
              },
              {
                "internal_type": "BitmapModule",
                "internal_title": "Windy Night",
                "internal_toggles": {
                  "bitmap_alpha": 10
                },
                "internal_formulas": {
                  "bitmap_alpha": "$if(gv(icon)\u003dwindy \u0026 (ai(isday)\u003d0 \u0026 gv(nightico)\u003d1), 100, 0)$"
                },
                "bitmap_mode": "VECTOR",
                "bitmap_svg": "kfile://org.kustom.provider/bitmaps/windy-night.svg"
              }
            ]
          }
        ]
      },
      {
        "internal_type": "OverlapLayerModule",
        "internal_title": "Mode Icon",
        "internal_toggles": {
          "config_visible": 0
        },
        "internal_formulas": {
          "config_visible": "$if(gv(mdtxt)\u003d gv(md1txt), \"ALWAYS\",\"NEVER\")$"
        },
        "internal_animations": [
          {
            "type": "UNLOCK",
            "action": "FADE"
          },
          {
            "type": "FORMULA",
            "action": "FADE_INVERTED",
            "speed": 40.0,
            "angle": 90.0,
            "formula": "$if(gv(a)\u003d1,1,0)$"
          }
        ],
        "internal_events": [
          {
            "action": "LAUNCH_APP",
            "intent": "intent:#Intent;action\u003dandroid.intent.action.MAIN;category\u003dandroid.intent.category.LAUNCHER;component\u003dcom.smartthings.android/.main.MainActivity;S.org.kustom.intent.label\u003dSmartThings;end"
          }
        ],
        "position_anchor": "BOTTOMRIGHT",
        "position_offset_x": 110.0,
        "position_offset_y": 160.0,
        "viewgroup_items": [
          {
            "internal_type": "OverlapLayerModule",
            "internal_title": "Mode1",
            "internal_toggles": {
              "config_visible": 10
            },
            "internal_formulas": {
              "config_visible": "$if(br(tasker, mode)\u003dbr(tasker, mode1), \"ALWAYS\",\"NEVER\")$"
            },
            "viewgroup_items": [
              {
                "internal_type": "TextModule",
                "internal_title": "Mode Icon",
                "internal_toggles": {
                  "paint_color": 100,
                  "text_family": 100,
                  "text_expression": 100
                },
                "internal_globals": {
                  "paint_color": "color5",
                  "text_family": "md1fnt",
                  "text_expression": "md1icn"
                },
                "position_anchor": "BOTTOMRIGHT",
                "position_offset_x": 110.0,
                "position_offset_y": 160.0,
                "text_expression": "$gv(md1icn)$",
                "text_size": 90.0,
                "text_family": "kfile://org.kustom.provider/fonts/Material icons 3.ttf",
                "internal_animations": [
                  {
                    "type": "UNLOCK",
                    "action": "FADE"
                  },
                  {
                    "type": "FORMULA",
                    "action": "FADE_INVERTED",
                    "speed": 40.0,
                    "angle": 90.0,
                    "formula": "$if(gv(a)\u003d1,1,0)$"
                  }
                ]
              }
            ]
          },
          {
            "internal_type": "OverlapLayerModule",
            "internal_title": "Mode2",
            "internal_toggles": {
              "config_visible": 10
            },
            "internal_formulas": {
              "config_visible": "$if(br(tasker, mode)\u003dbr(tasker, mode2), \"ALWAYS\",\"NEVER\")$"
            },
            "viewgroup_items": [
              {
                "internal_type": "TextModule",
                "internal_title": "Mode Icon",
                "internal_toggles": {
                  "paint_color": 100,
                  "text_family": 100,
                  "text_expression": 100
                },
                "internal_globals": {
                  "paint_color": "color5",
                  "text_family": "md2fnt",
                  "text_expression": "md2icn"
                },
                "position_anchor": "BOTTOMRIGHT",
                "position_offset_x": 110.0,
                "position_offset_y": 160.0,
                "text_expression": "$gv(md1icn)$",
                "text_size": 90.0,
                "text_family": "kfile://org.kustom.provider/fonts/Material icons 3.ttf",
                "internal_animations": [
                  {
                    "type": "UNLOCK",
                    "action": "FADE"
                  },
                  {
                    "type": "FORMULA",
                    "action": "FADE_INVERTED",
                    "speed": 40.0,
                    "angle": 90.0,
                    "formula": "$if(gv(a)\u003d1,1,0)$"
                  }
                ]
              }
            ]
          },
          {
            "internal_type": "OverlapLayerModule",
            "internal_title": "Mode3",
            "internal_toggles": {
              "config_visible": 10
            },
            "internal_formulas": {
              "config_visible": "$if(br(tasker, mode)\u003dbr(tasker, mode3), \"ALWAYS\",\"NEVER\")$"
            },
            "viewgroup_items": [
              {
                "internal_type": "TextModule",
                "internal_title": "Mode Icon",
                "internal_toggles": {
                  "paint_color": 100,
                  "text_family": 100,
                  "text_expression": 100
                },
                "internal_globals": {
                  "paint_color": "color5",
                  "text_family": "md3fnt",
                  "text_expression": "md3icn"
                },
                "position_anchor": "BOTTOMRIGHT",
                "position_offset_x": 110.0,
                "position_offset_y": 160.0,
                "text_expression": "$gv(md1icn)$",
                "text_size": 90.0,
                "text_family": "kfile://org.kustom.provider/fonts/Material icons 3.ttf",
                "internal_animations": [
                  {
                    "type": "UNLOCK",
                    "action": "FADE"
                  },
                  {
                    "type": "FORMULA",
                    "action": "FADE_INVERTED",
                    "speed": 40.0,
                    "angle": 90.0,
                    "formula": "$if(gv(a)\u003d1,1,0)$"
                  }
                ]
              }
            ]
          },
          {
            "internal_type": "OverlapLayerModule",
            "internal_title": "Mode4",
            "internal_toggles": {
              "config_visible": 10
            },
            "internal_formulas": {
              "config_visible": "$if(br(tasker, mode)\u003dbr(tasker, mode4), \"ALWAYS\",\"NEVER\")$"
            },
            "viewgroup_items": [
              {
                "internal_type": "TextModule",
                "internal_title": "Mode Icon",
                "internal_toggles": {
                  "paint_color": 100,
                  "text_family": 100,
                  "text_expression": 100
                },
                "internal_globals": {
                  "paint_color": "color5",
                  "text_family": "md4fnt",
                  "text_expression": "md4icn"
                },
                "position_anchor": "BOTTOMRIGHT",
                "position_offset_x": 110.0,
                "position_offset_y": 160.0,
                "text_expression": "$gv(md1icn)$",
                "text_size": 90.0,
                "text_family": "kfile://org.kustom.provider/fonts/Material icons 3.ttf",
                "internal_animations": [
                  {
                    "type": "UNLOCK",
                    "action": "FADE"
                  },
                  {
                    "type": "FORMULA",
                    "action": "FADE_INVERTED",
                    "speed": 40.0,
                    "angle": 90.0,
                    "formula": "$if(gv(a)\u003d1,1,0)$"
                  }
                ]
              }
            ]
          }
        ]
      },
      {
        "internal_type": "TextModule",
        "internal_title": "Routine Icon",
        "internal_toggles": {
          "paint_color": 100
        },
        "internal_globals": {
          "paint_color": "color5"
        },
        "position_anchor": "BOTTOMRIGHT",
        "position_offset_x": 110.0,
        "position_offset_y": 160.0,
        "text_expression": "#",
        "text_size": 90.0,
        "text_family": "kfile://org.kustom.provider/fonts/Material icons 1.ttf",
        "internal_events": [
          {
            "action": "LAUNCH_APP",
            "intent": "intent:#Intent;action\u003dandroid.intent.action.MAIN;category\u003dandroid.intent.category.LAUNCHER;component\u003dcom.smartthings.android/.main.MainActivity;S.org.kustom.intent.label\u003dSmartThings;end"
          }
        ],
        "internal_animations": [
          {
            "type": "FORMULA",
            "action": "FADE_INVERTED",
            "speed": 40,
            "angle": 90,
            "formula": "$if(gv(a)\u003d2,1,0)$"
          },
          {
            "type": "UNLOCK",
            "action": "FADE"
          }
        ]
      },
      {
        "internal_type": "TextModule",
        "internal_title": "Things Icon",
        "internal_toggles": {
          "paint_color": 100
        },
        "internal_globals": {
          "paint_color": "color5"
        },
        "position_anchor": "BOTTOMRIGHT",
        "position_offset_x": 110.0,
        "position_offset_y": 160.0,
        "text_expression": "h",
        "text_size": 90.0,
        "text_family": "kfile://org.kustom.provider/fonts/Material icons 1.ttf",
        "internal_animations": [
          {
            "type": "FORMULA",
            "action": "FADE_INVERTED",
            "speed": 40.0,
            "angle": 90.0,
            "formula": "$if(gv(a)\u003d3,1,0)$"
          },
          {
            "type": "UNLOCK",
            "action": "FADE"
          }
        ],
        "internal_events": [
          {
            "action": "LAUNCH_APP",
            "intent": "intent:#Intent;action\u003dandroid.intent.action.MAIN;category\u003dandroid.intent.category.LAUNCHER;component\u003dcom.smartthings.android/.main.MainActivity;S.org.kustom.intent.label\u003dSmartThings;end"
          }
        ]
      }
    ]
  }
}